N,k_on,k_off,r_s,D_eff,D_eff_sem,fit_t_start,fit_t_end,fit_r_squared
3,1.0,0.001,1.0,4.0310680059325285e-05,5.476017378183981e-07,2613.1837226940715,9000.450022501125,0.9995908170249912
4,1.0,0.001,1.0,2.300422483792113e-05,4.3575588166629546e-07,2533.90001801552,9000.450022501125,0.9994722330531112
5,1.0,0.001,1.0,1.682020394385562e-05,2.943689475088609e-07,4673.60988294821,9000.450022501125,0.9997832373874684
6,1.0,0.001,1.0,1.3101396172224724e-05,2.339349501547142e-07,4396.306191559367,9000.450022501125,0.99919494172809
7,1.0,0.001,1.0,1.077010222322954e-05,2.04573025280662e-07,4713.2238326145525,9000.450022501125,0.9980647591952037
8,1.0,0.001,1.0,9.2463640000144e-06,1.400077742952887e-07,3881.2795396733377,9000.450022501125,0.9991007845271168
9,1.0,0.001,1.0,8.407392317754959e-06,1.6316469807233125e-07,3564.3111754151505,9000.450022501125,0.9995879517312332
10,1.0,0.001,1.0,7.753368969149784e-06,1.569041426106774e-07,2533.90001801552,9000.450022501125,0.9995139142885372
3,1.0,0.01,1.0,0.0003889764101973,5.313401700975202e-06,1000.0500025001252,9000.450022501125,0.9990843881564208
4,1.0,0.01,1.0,0.0002428062488432,2.67036590056166e-06,1000.0500025001252,9000.450022501125,0.9998184677976816
5,1.0,0.01,1.0,0.000171732886259,2.1404861745584168e-06,1000.0500025001252,9000.450022501125,0.999833385610311
6,1.0,0.01,1.0,0.0001374243625662,1.8554310506312069e-06,1000.0500025001252,9000.450022501125,0.9998622621297444
7,1.0,0.01,1.0,0.0001101119762548,9.467952534712448e-07,1000.0500025001252,9000.450022501125,0.999783055391185
8,1.0,0.01,1.0,9.823225238191886e-05,1.531795421846514e-06,1000.0500025001252,9000.450022501125,0.999854224202072
9,1.0,0.01,1.0,8.90859490190187e-05,1.170053025707965e-06,1000.0500025001252,9000.450022501125,0.9999002465289382
10,1.0,0.01,1.0,7.827523438682525e-05,9.537762705237632e-07,1000.0500025001252,9000.450022501125,0.9997027978435068
3,1.0,0.1,1.0,0.0055359423044086,0.0002073710880658,374.0187009350468,1487.2707080669672,0.9941830356025452
4,1.0,0.1,1.0,0.003382680032617,9.361857640824054e-05,1000.0500025001252,8198.783845305194,0.9951717928203284
5,1.0,0.1,1.0,0.0022439102042509,2.531006044447736e-05,1000.0500025001252,9000.450022501125,0.9998834069104656
6,1.0,0.1,1.0,0.0017955300743354,2.261419952691401e-05,1000.0500025001252,9000.450022501125,0.9997481129416252
7,1.0,0.1,1.0,0.0014257059146493,1.6294621470232884e-05,1000.0500025001252,9000.450022501125,0.9998425064162484
8,1.0,0.1,1.0,0.0012313913841494,1.366479211012344e-05,1000.0500025001252,9000.450022501125,0.999759003017432
9,1.0,0.1,1.0,0.0010824040826451,1.1307260485474416e-05,1000.0500025001252,9000.450022501125,0.9998539638003529
10,1.0,0.1,1.0,0.0009418085659953,1.3664265442166337e-05,1000.0500025001252,9000.450022501125,0.999905511424264
